Deck,Category
Miracles,UW
UWx Stoneblade,UW
UWx Control,UW
Grixis Control,3-Color Control
BUG Control,3-Color Control
Shardless BUG,3-Color Control
BUG Oko Zenith,3-Color Control
RUG Control,3-Color Control
Stryfo Pile,3-Color Control
Yorion 4c Control,3-Color Control
4c Control,3-Color Control
Astrolabe Control,3-Color Control
Grixis Delver,Delver
UR Delver,Delver
BUG Delver,Delver
UW Delver,Delver
UB Delver,Delver
Esper Delver,Delver
RUG Delver,Delver
Jeskai Delver,Delver
Mono U Delver,Delver
UB Shadow,Delver
4c Delver,Delver
Death & Taxes,White Creatures
Esper Vial,White Creatures
W Eldrazi,White Creatures
Food Chain,Combo-Control
Aluren,Combo-Control
Splinter Twin,Combo-Control
Elves,Tribal
Goblins,Tribal
Elementals,Tribal
Humans,Tribal
Slivers,Tribal
Merfolk,Tribal
Eldrazi Post,Big Mana
G Cloudpost,Big Mana
Colorless Cloudpost,Big Mana
Bomberman,Chalice
Painter,Painter
Urza,Chalice
Moon Stompy,Chalice
Eldrazi Stompy,Chalice
Steel Stompy,Chalice
ANT,Storm
TES,Storm
Oops,Storm
Spanish Inquisition,Storm
UR Storm,Storm
Doomsday,Doomsday
Belcher,Storm
Echo Storm,Storm
High Tide,Storm
Underworld Breach,Storm
Sneak & Show,Show & Tell
Omnishow,Show & Tell
Red Sneak Attack,Show & Tell
Eureka & Tell,Show & Tell
BR Reanimator,Graveyard
B Reanimate,Graveyard
UB Reanimate,Graveyard
Dredge,Graveyard
Manaless Dredge,Graveyard
Tin Fins,Graveyard
Hogaak,Graveyard
Turbo Depths,Dark Depths
Lurrus Depths,Dark Depths
Slow Depths,Dark Depths
Lands,Dark Depths
BUG Depths,Dark Depths
Hogaak Depths,Dark Depths
4c Loam,Knight
Loamless,Knight
Maverick,Knight
Gyruda Mill,Gyruda
Pox,Pox
Infect,Infect
Nic Fit,Nic Fit
Jund,Jund
Burn,Burn